{"MapData":[{"prefabId":"Cube_01","positionX":55.5,"positionY":7.49949645996094,"positionZ":62.5,"rotateX":0.0,"rotateY":0.0,"rotateZ":0.0,"scaleX":1.0,"scaleY":1.0,"scaleZ":1.0},{"prefabId":"Cube_07","positionX":55.5,"positionY":7.5,"positionZ":65.5,"rotateX":0.0,"rotateY":90.0,"rotateZ":0.0,"scaleX":0.900001883506775,"scaleY":0.899999976158142,"scaleZ":0.900001883506775},{"prefabId":"Cube_01","positionX":55.5,"positionY":8.49818420410156,"positionZ":62.5,"rotateX":0.0,"rotateY":0.0,"rotateZ":0.0,"scaleX":1.0,"scaleY":1.0,"scaleZ":1.0},{"prefabId":"Cube_07","positionX":55.5,"positionY":7.5,"positionZ":65.5,"rotateX":0.0,"rotateY":90.0,"rotateZ":0.0,"scaleX":0.900001883506775,"scaleY":0.899999976158142,"scaleZ":0.900001883506775}]}